page,feature_name,context,word_count,has_thai_music,has_jazz,has_ml_terms,has_fusion
7,rhythm,125  MUSICAL INSTRUMENTS AND TEXTURE                                                                                                 128  RHYTHMIC PATTERNS                                                                                                                                  130  RONG NGENG COM,192,False,False,False,False
9,thai_mode,ure 3.7: Plae thamnong techniques.                                                                        57  Figure 3.8: Plae thamnong techniques of thang ranad and pi nai.                            58                              Figure 3.9: Jangwa ching patterns.,271,False,False,False,False
10,rhythm,104    Figure 5.1: Khuen hua pi technique.                                                                          114  Figure 5.2: Four rhythmic patterns employed in nora performances.                     118   Figure 5.3: “Chak bai.”,231,False,True,False,False
10,thai_mode,TABLE OF FIGURES      x  Figure 4.6: Lai thang yao and lai thang san.                                                               91  Figure 4.7: Buahong Phajung’s performance of lai se.,231,False,True,False,False
10,improvisation,91  Figure 4.7: Buahong Phajung’s performance of lai se.                                              93  Figure 4.8: Bass improvisation of lai yai by the author.                                             95  Figure 4.9: The A section of “Lai Teay Khong.”,231,False,True,False,False
11,thai_mode,igure 7.7: The first thematic melodies of “Phuen Ban.”                                         174  Figure 7.8: Piano solo from “Phuen Ban” mimicking thang dio ranad ek.             175  Figure 7.9: Trumpet soli from “Phuen Ban.”                                                             176  Figure 7.1,321,False,False,False,False
12,rhythm,221  Figure 7.39: The chord progressions of the first monologue in “Singora.”             222  Figure 7.40: The application of the lagu dua rhythmic pattern.                               223  Figure 7.41: Compositional techniques employed in the B section of “Singora.”  224  Figure 7.42: The original mel,347,False,False,False,False
12,jazz_chord,221  Figure 7.38: The bass part of “Singora.”                                                                    221  Figure 7.39: The chord progressions of the first monologue in “Singora.”             222  Figure 7.40: The application of the lagu dua rhythmic pattern.                               2,347,False,False,False,False
13,improvisation,254   Figure 7.72: E section of “the Northern Rhapsody.”                                               255  Figure 7.73: The first improvisation section of “The Northern Rhapsody.”          256  Figure 7.74: The second improvisation section of “The Northern Rhapsody.”     257  Figure 7.75: The,86,False,True,False,False
19,rhythm,"llaise [sic].’”2 March forms are used in the ragtime  compositions of Scott Joplin, such as his famous “Maple Leaf Rag” (1899), and the three- stroke rhythmic patterns (tresillos) in Jelly Roll Morton’s “New Orleans Blues” show the clear  influence of Caribbean music.3 In addition, musical elements from the Caribbe",429,False,True,False,True
19,improvisation,"ear example of musical hybridity.  Afro-Cuban tumbao bass lines and the conga, an Afro-Cuban instrument of African origin,  were used alongside bebop improvisation and with other complex rhythms in a fast swing  context. Better-known examples of this hybridization process in Gillespie’s music include “A  Night i",429,False,True,False,True
20,improvisation,"audiences witness the intermingling of blues from the saxophones and  brass sections of the jazz orchestra, the musical language of bebop, including improvisation,  and a strong swing feel with the sound of traditional Pakistani instruments such as the bansuri,  tabla, and sitar, instruments which also have con",444,False,True,False,True
22,improvisation,"ttitudes of Thai classical                                                           9 Quoted in Paul Berliner, Thinking in Jazz: The Infinite Art of Improvisation, 120.",427,True,True,False,True
26,thai_mode,"ns to John Coltrane’s composition “Giant  Steps.” The second composition, “Nanapa,” uses several Thai classical music composition  techniques such as thang kro (tremolo), luk thao (sustained pitches), and luk lo luk kut (call and  response).  Chapter 4 examines the traditional music of northeast Thailand",408,True,True,False,True
26,improvisation,"en, phin,  pong lang, and klong hang. I then consider the concept of lai (similar to the notion of a mode) as  implemented in isan music, analyze the improvisation of khaen (bamboo mouth organ)  performance performed by Sombat Simlah, and illustrate pragmatic approaches to combining  the melodic lines of traditi",408,True,True,False,True
34,improvisation,"les with one  another. In addition, Manuel provides a comprehensive analysis of a solo by pianist Alex  Conde, a prominent flamenco jazz artist. This improvisation illustrates the use of idiosyncratic  jazz and flamenco elements as well as the application of the bulería rhythm over the chordal  resources of the",404,True,True,False,True
35,improvisation,"strates successful cases in which the two musical  elements have been synthesized. For example, he discusses the adaptation of bebop language  in the improvisations of Jorge Pardo—a Spanish flute and saxophone player—and the  utilization of flamenco guitar approaches, such as alzapúa and picados which Chick Core",464,False,True,False,True
37,rhythm,"find alternative approaches to rhythmic concepts  in jazz.39 For example, Ellis explains “I learned from Harihar Rao how to superimpose  complicated rhythmic patterns on one another, ways of counting to be able to keep my place                                                           38Quoted in ibid., 242–243.",424,False,True,False,True
37,improvisation,"changes in season and natural landscape in Scandinavia, Garbarek evoked the sound of  tranquility—which contained strong Nordic musical roots—in his improvisations. According  to Nicholson, the music in Garbarek’s Dis (1977) also witnessed the use of a wind harp to  describe the sound of the Scandinavian landsc",424,False,True,False,True
38,improvisation,"Evans, trumpet player Phillip Slater, and  drummer Simon Barker, focusing on their assessments of the aesthetics of Australian jazz  performance and improvisation as well as on their musical experiences within the Sydney jazz  scene.    In his thesis, Rose also discusses the jazz orchestra composition he wrote",407,False,True,False,True
40,improvisation,"inamata (1976) and Kourakan Suite (1992), witness the  combination of utai (a specific noh musical technique) with the bebop language and collective  improvisation.49 Interestingly, Stowe refers to Kourakan Suite as a demonstration of Japanese  cultural pluralism. In this composition, Akiyoshi employed several m",435,False,True,False,True
41,jazz_chord,"instrument, and the  application of improvisations by traditional instruments—such as the bonang, rebab, suling, and  tarompet—over Western harmonic chord progressions.   In terms of Krakatau’s artistic process, the authors highlight that Krakatau’s music, according  to Dharmawan, is the result of “acculturation” (",354,True,True,False,True
41,improvisation,"use of bonang, a Javanese gong chime, to  perform in particular musical contexts that are not synonymous with the instrument, and the  application of improvisations by traditional instruments—such as the bonang, rebab, suling, and  tarompet—over Western harmonic chord progressions.   In terms of Krakatau’s artis",354,True,True,False,True
43,thai_mode,"ral Thai compositional perspective include “Melody in the  Performance of Thai Classical Music on Non-Fixed-Pitch Instrument (2020)”, “Improvisation, Thang, and Thai  Musical Structure”, co-wrote with Bussakorn Binson (2018), “Competing Epistemologies of Tuning, Intonation,  Mawlam, and Jazz,” (2018) —an",468,True,True,False,True
43,improvisation,"n a cross-cultural Thai compositional perspective include “Melody in the  Performance of Thai Classical Music on Non-Fixed-Pitch Instrument (2020)”, “Improvisation, Thang, and Thai  Musical Structure”, co-wrote with Bussakorn Binson (2018), “Competing Epistemologies of Tuning, Intonation,  Mawlam, and Jazz,” (20",468,True,True,False,True
44,thai_mode,"ng Jin Dok Mai,” which is performed by  the ranad ek (a Thai xylophone)—and Thai instrumental idioms, including the ti kep67 and rua68  techniques in thang ranat and contribute to the distinctly Thai sound.  Garzoli also discusses Fong Namm, one of the prominent cross-cultural ensembles in  Thailand. He",415,True,True,False,True
48,rhythm,"2  performed.79 In this research, Anant describes nathap (a Thai rhythmic cycle) and chan (Thai  ideal tempo) and provides an explanation of the Thai rhythmic patterns generated by taphon (a  two-headed drum mounted horizontally) in several different styles of Thai classical music. The  author then demonstrates pro",467,True,True,False,True
48,improvisation,"emonstrates the influence of Chinese theater (Chaozhou opera)                                                           79 Anant Narkkong, “Aspect of Improvisation in Thai Classical Drumming with special reference to the Taphon,”  Master’s thesis, University of London, (1992).  80 Somnuek Saengarun, “Transmissio",467,True,True,False,True
49,improvisation,"ugh historical contexts, descriptions of instruments of northeast Thailand,  and details of various musical genres). His dissertation illustrates the improvisation process of  the use of five basic modes called lai used in performance on the kaen (usually Romanized as  khaen)—a bamboo mouth organ—and then descri",464,True,True,False,True
50,ornamentation,"sic, using Western notation to do  so. 92 Here, Leangsomboon begins the musical analysis by demonstrating the scales, ranges,  melodic movements, and ornamentation implemented in homrong music performed by ten                                                           89 Bussakorn Sumrongthong Thai Musical Cultur",454,True,True,False,True
59,ornamentation,"of other ethnic groups into Siamese territory. Notable displacements in this period  included the resettlement of Laos, Phu thai, Tai Dam, and Puan (พวน)—to name a few—all of  which took place during King Rama III’s reign (1809-1824).115 These groups of people were  forced to relocate from the east ba",498,True,False,False,False
63,thai_mode,"cal Elements of dontri thai doem      47  expressive individuality (samniang), as well as the idiosyncratic characteristic of their ensembles  called thang.127     As previously stated, Thai idiophone instruments can produce seven distinct pitches, stretching  out in one octave ideally. These seven diffe",499,True,False,False,False
68,melody,"particular  melodic patterns that are repeatedly employed in these melodies. These patterns include (in  scale degrees, with arrows adding clarity of melodic contour, see also Figure 3.5):     1.  1 2 3 5 2 (twice),   2.  5 3 2 1 2 3 (three times),   3.  2 3 2 1 6¯ 5¯ (three times),   4.  5 6 1­ 2 ­ 1­ 6¯ (twice),",162,True,False,False,False
69,thai_mode,"tonic scale—including 1 2 3 5, 1 2 3 5 3, 1 3 2 1 6¯, and in  particular, 1 2 3 5 6—can also be widely observed in the set of melodic patterns called thang  (roughly equivalent to modes in Thai music), of which three out of seven modes have a similar  construction resembling pentatonic scales. 137 These",418,True,True,False,False
69,improvisation,"odic patterns play a significant role  in contributing a sound of Thai music in one of the standard forms used in jazz composition,  performance, and improvisation (Figure 3.6).     Other melodic patterns in a pentatonic scale—including 1 2 3 5, 1 2 3 5 3, 1 3 2 1 6¯, and in  particular, 1 2 3 5 6—can also be wi",418,True,True,False,False
70,jazz_chord,"ure is another significant element of Thai classical music to consider in projects of  hybridization, particularly because of the absence of harmonic chord progressions (in contrast  to Western Music). Numerous independent musical voices often constitute textures in Thai  classical music, providing an abundance of s",162,True,False,False,True
71,thai_mode,CHAPTER 3: Identifying Musical Elements of dontri thai doem      55  performing in an ensemble.140 The term in Thai music thang khrueang dontri (“style of  instrumental music”) refers to the specific idiosyncratic function that each musician in an  ensemble must carry out in o,472,True,True,False,False
71,improvisation,"cian performs the music based on the idiomatic way of playing  his or her particular instrument.      Much like jazz musicians who learn the skill of improvising over chord changes, musicians in  Thai classical music construct their melodic lines based on the sound produced by the khong  wong yai (gong circles",472,True,True,False,False
72,thai_mode,"sical Elements of dontri thai doem      56  the principles of melodic organization laid out in the nuea phleng, the improviser is expected to create  thang [their melodic line, in the idiomatic style] that faithfully reproduces the referent’s melodic/rhythmic  quality and maintains its structural and aes",351,True,True,False,False
72,improvisation,"CHAPTER 3: Identifying Musical Elements of dontri thai doem      56  the principles of melodic organization laid out in the nuea phleng, the improviser is expected to create  thang [their melodic line, in the idiomatic style] that faithfully reproduces the referent’s melodic/rhythmic  quality and ma",351,True,True,False,False
73,thai_mode,"alled  ching, and “+” refers to the damped stroke called chap. Red circles indicate luk tok  (in this case, the note A).    The distinct character of thang ranad thum can be interpreted as joyful and effervescent in a Thai  musical sense. Because of its syncopated rhythmic feel and its musical embellishm",282,True,True,False,False
74,thai_mode,CHAPTER 3: Identifying Musical Elements of dontri thai doem      58  known as samninag phasa.146 The performance of both thang ranad thum and thang pi nai in Thai  classical music textures are displayed in Figure 3.8 (note that the luk tok which is A must  coincide in all of,311,True,False,False,False
75,improvisation,"150 Miller and Williams, The Garland Handbook of Southeast Asian Music, 147.  151 Narkkong, “Aspect of Improvisation in Thai Classical Drumming with special reference to the Taphon,” 72.  152 In addition to ching, krab, mong, chab, taphon, thon, rammana, klong that,",478,True,True,False,True
76,rhythm,"lements of dontri thai doem      60  and 2) jangwa nathap (patterns related to drums in the thon category of goblet-shaped drums).153  In both forms, rhythmic patterns function as a musical gauge that must be synchronized to the  melodic structures during performances, and play a crucial role when composing Thai cl",436,True,True,False,False
77,rhythm,"he second concept, jangwa nathap, is notable in Thai classical music composition due to its  cyclical form. In jangwa nathap, the two distinctly Thai rhythmic patterns nathap propkai and  nathap song mai157 can provide useful means of understanding the framing of melodic phrases of  Thai music, which must be synchr",330,True,True,False,True
77,thai_mode,"rcussion  instruments, such as double-head barrel drums taphon or klong khaek, or on the pair of single- headed drums thon and rammana. The syllables thang, thing, ja, and jo are used to describe four  different types of sounds that constitute nathap patterns. Terry Miller has clearly demonstrated",330,True,True,False,True
78,rhythm,"n,  which consists of eight-bar phrases; of song chan, which consists of four measures; and of propkai  chan dio, which can be performed in a two-bar rhythmic pattern (Figure 3.10).     Figure 3.10: Nathap propkai.                                                           158 Miller and Williams, The Garland Handbo",174,False,False,False,False
78,thai_mode,"“wife drum” refers to the  lower-pitch drum, and the “husband drum” refers to the higher-pitch drum), thon (the wife),  and rammana (the husband):    Thang: an undamped stroke on the center of the wife drum’s head with closed right- hand fingers.   Ting: the same as the preceding stroke, but on the husba",174,False,False,False,False
79,rhythm,"ch thon were a chorus, from  a jazz perspective, can provide insight into commonalities shared among jazz and Thai classical  music. In addition, the rhythmic pattern of nathap probkhai is also known to be employed in  Thai compositions that contain less syncopation of the melodic line, and more predictable  rhythm",368,True,True,False,False
79,harmony,"sical structure. This larger unit of structure could be  compared with the concept of a “chorus” in jazz, where a cycle of a particular duration and  harmonic progression repeats. When two, three, or four thons (choruses) are combined, they  form a complete movement, called a chan. Analyzing a chan as if each thon were",368,True,True,False,False
79,thai_mode,"ly used in shorter pieces which typically feature  syncopated melodic lines and uneven melodic phrases. Nathap song mai is also characterized by  the thang, thin, jo, and ja sounds, just like nathap probkhai when performing klong khaek. In  comparison with nathap probkhai, the duration of nathap song mai",368,True,True,False,False
80,rhythm,"3: Identifying Musical Elements of dontri thai doem      64           Figure 3.11: Nathap song mai.     Inspired by the individual character of Thai rhythmic patterns and endeavoring to apply their  concepts to a crossover music project, I began to experimentally apply these musical elements  for my own jazz compo",152,False,True,False,False
81,improvisation,"I adapted nathap song mai song chan for the full woodwind and brass sections of a  modern jazz orchestra, to be played in homophonic rhythm during an improvised drum solo  (Figure 3.14). This provides a prominent musical character of Thai classical music rhythms and  emphasizes the integration of musical ele",182,True,True,False,False
83,thai_mode,"oem      67  complicated. In Thai classical music composition today, compositional concepts can be  typically divided into three categories: bangkhap thang (fully composed, required to be performed  in the exact version of the composer), mai bangkhap thang (composed only in terms of the main  structure a",307,True,True,False,False
83,improvisation,"performed  in the exact version of the composer), mai bangkhap thang (composed only in terms of the main  structure and allowing performers to apply improvisation techniques called plae thamnong), and  keung bangkahp thang-mai bangkhap thang (กึ#งบังคับทาง-ไม่บังคับทาง)(partly performed according to the  compos",307,True,True,False,False
85,thai_mode,"Thai classical music, and related to jazz  composition, is melodic variation. According to Uthit Naksawat, this melodic variation  approach, known as thang plien (ทางเปลี.ยน), is often used in works to develop new musical  concepts and evoke sensations of surprise in listeners.167 To implement this techn",428,True,True,False,False
86,thai_mode,"CHAPTER 3: Identifying Musical Elements of dontri thai doem      70    Figure 3.17: Thang plien (melodic variations).    In addition to these three compositional techniques, Thai composers frequently create  additional sections to their mo",246,True,True,False,False
88,thai_mode,"bellishments  that are similar to those common in Western music. These approaches help express the  character of an ensemble, and include 1) tremolo (thang kro), 2) a broken fragment of a melody  (luk lo), 3) call and response (luk kut)173, 4) the melodic displacement of rhythm (luk leuam)  (ลูกเหลื.อม),",251,True,False,False,False
90,thai_mode,Luk leuam technique in “Kluen Kratob Fung.”    One last compositional method of Thai classical music relevant to jazz composition is referred  to as thang khap luk khap dok (ทางคาบลูกคาบดอก). This technique helps composers balance the  compositional materials in Thai music. To apply thang khap luk khap,319,True,True,False,False
90,improvisation,"e of a  set of three grace notes (sabat, sadot) for melodic embellishment sections, or the implementation  of continuous sixteenth notes in idiomatic improvisation to create an intensity in texture known  as khayi (ขยี%).                                                               175 The transcription of “Klu",319,True,True,False,False
90,ornamentation,"n Thai music. To apply thang khap luk khap dok, which is widely utilized  in solo composition (phleng dio), Thai composers shift between instrumental ornaments—for  example, between single melodic pitch tremolo (rua), and thang kep (an instrumental technique  using a set of eight notes, mainly in an octave s",319,True,True,False,False
92,thai_mode,"cal  compositional techniques to create a contemporary jazz composition (Figure 3.26). The  introduction of this composition (A section), begins with thang kro (tremolo), widely found in  the introduction sections of Thai classical music pieces. This is followed by the C section,  whose use of luk yon (s",205,True,True,False,False
95,rhythm,"notions are also strongly  connected to chan, which refers to the ideal tempos and is divided into three levels: sam chan,  song chan, and chan dio.  Rhythmic patterns of nathap propkai and nathap song mai also appear to be  used as accompaniments for drum, bass, and piano parts.    When writing thao compositions,",382,True,True,False,True
95,harmony,"e to, Western tuning,  which can be transcribed in Western staff notation as approximations. Thai classical music,  unlike Western music, contains no harmonic progression; instead, it is composed of multiple  distinct lines in the style of thang khrueang dontri. Thai musical textures can relate to idiomatic  heterophon",382,True,True,False,True
95,thai_mode,"s. Thai classical music,  unlike Western music, contains no harmonic progression; instead, it is composed of multiple  distinct lines in the style of thang khrueang dontri. Thai musical textures can relate to idiomatic  heterophony or polyphonic stratification depending on the style of composition. Two c",382,True,True,False,True
104,improvisation,"at’s  performance of “Lai Ka Ten Kon” because of the relevance of several of the techniques  utilized in this performance to the jazz composition and improvisation methods described  below.    In this performance, drones on the pitch A are heard throughout, and the entire melody is  based on an A minor pentatoni",338,False,True,False,True
105,rhythm,"is one of the notable musical characteristics. Because isan nuea  instruments typically serve to accompany traditional dances, as a consequence, the rhythmic  patterns in this particular music seem to be more aroused, excited, and more stimulated, in  comparison with other regional musical practices in Thailand. Th",208,False,False,False,False
106,thai_mode,"twice the size, and capable of making two sounds, called chap  (damped stoke), and chae (undamped stoke).    4.3 MUSICAL ELEMENTS  LAI    Similar to thang in Thai classical music, the word lai is used in several ways in reference to  significant elements of isan nuea.  It is being used in the names of t",438,False,True,False,True
107,thai_mode,"raditional isan nuea  singing, known as mawlum. Nowadays, the six modes typically heard in isan nuea performances  are divided into two groups 1. lai thang yao (equal to the structure of minor pentatonic scales),  and 2. lai thang san (major pentatonic scales) (Figure 4.6).   lai thang yao    1. lai yai,",242,False,True,False,False
107,improvisation,"apt  them to jazz compositions.    For the lai system of modes, isan nuea musicians produce sets of six distinct sounds, using these  sounds in their improvisation for solo performance, or to accompany traditional isan nuea  singing, known as mawlum. Nowadays, the six modes typically heard in isan nuea performan",242,False,True,False,False
108,improvisation,"hile  performing as solo instruments, or to accompany singers. The application of modes in isan nuea  also plays a crucial role in the practice of an improvisation in thamnong yoi (an improvisational  section) that isan nuea musicians apply to express their artistic stories through their instrument.     As an ex",313,True,True,False,False
109,improvisation,"of the interesting aspects of this performance is how the maw khaen Buahong uses only  one particular mode, lai se, to express the musical story and improvise on his instrument. The  construction of this performance is primarily based on the E minor pentatonic scale, in which  the intervallic patterns predo",97,False,False,False,False
110,improvisation,"ndents’ Club of Thailand (FCCT), “Sounds of Isan - Molam Music,”  <https://www.youtube.com/watch?v=6oJDOeIwUnw> (3 July 2019).  212 To listen my bass improvisation of lai yai, see <https://soundcloud.com/user-264254280/tanarat-chaichana- bass-solo?si=f09983fb96b2458282cb7f5e28ca0842>",457,False,True,False,True
111,improvisation,"dontri isan nuea      95  such as the use of Arabic scales in Yusef Lateef’s compositions, and the use of Indian raga and  tala in John Mclaughlin’s improvisation.213     Figure 4.8: Bass improvisation of lai yai by the author.    Another meaning of lai significant to a cross-cultural music composition study is",242,False,True,False,True
112,improvisation,"on of a standard isan nuea  performance, called thamnong lak, after the introduction section called thamnong kern (ทํานองเกริ.น)  and followed by the improvisation section (based on the original composition themes), called  thamnong yoi or don (ด้น). To better understand the standard structure of isan nuea perfo",309,False,True,False,False
113,rhythm,"This section includes drones on B♭ and F, as well as staccato and accented ornaments.  Interestingly, throughout this section, Sombat’s eighth-note rhythmic pattern is quite similar to  a swing rhythm.      Figure 4.10: The B section of “Lai Teay Khong.” Transcription by the author.    In the C section, known as",248,False,True,False,False
113,improvisation,"igure 4.10: The B section of “Lai Teay Khong.” Transcription by the author.    In the C section, known as thamnong yoi, Sombat begins to generate the improvisation that is  related to the theme of “Lai Teay Klong” (Figure 4.10). He uses a question-and-answer  improvisational technique, which is divided into thre",248,False,True,False,False
113,ornamentation,"A (m.14) and melody B (m.30), together in a section called thamnong lak.  This section includes drones on B♭ and F, as well as staccato and accented ornaments.  Interestingly, throughout this section, Sombat’s eighth-note rhythmic pattern is quite similar to  a swing rhythm.      Figure 4.10: The B section",248,False,True,False,False
114,improvisation,"CHAPTER 4:  Investigating the Musical Aspects of dontri isan nuea      98  statement. Sombat includes many musical accents in his improvisation based on the melodic  theme, as a result, the tempo slows down in contrast to the C section.     Figure 4.11: The C and D sections of “Lai Teay Khong",233,False,True,False,False
115,improvisation,"nuea      99  performance. To summarize, isan nuea musicians usually begin a solo introduction, then move  to the melody part, and follow this by an improvisation section, before returning to the melody  out section. (See Appendix A.4 for the full transcription of “Lai Teay Klong” performed by  Sombat Simlah.)2",88,False,True,False,False
116,improvisation,"or adjusted melodic  parts of traditional composition, expanding the form of jazz composition out of the standard  context, and applied the idiomatic improvisation of isan nuea to create a musical hybridity  expression And, because of the structural flexibility of pentatonic scales, typical of isan nuea  melodie",414,False,True,False,True
117,rhythm,"101  Figure 4.13: Arrangement of “Lai Lom Phat Phrao.”    In contrast to my approach to musical hybridization in “Lai Lom Phat Phrao,” which its  rhythmic patterns remained unchanged, I adjusted the melody parts of “Lai Nok Sai Bin Kham",49,False,False,False,True
118,jazz_chord,"for audiences, I decided to construct  this musical hybridization to be improvised in the style of a blues. I use a jazz-blues standard  form and its chord progressions, and later switch between dominant based-harmonies in 5/4  rhythm influenced by “Blue Ronde a la Turk” (which also contains the integration of addit",299,False,True,False,True
118,improvisation,"lodic movement of  traditional music. To provide the musical elements of jazz for audiences, I decided to construct  this musical hybridization to be improvised in the style of a blues. I use a jazz-blues standard  form and its chord progressions, and later switch between dominant based-harmonies in 5/4  rhy",299,False,True,False,True
119,improvisation,"ght to hybridize isan nuea  music and jazz by 1) expanding its compositional form by creating additional sections for both  the melodic parts and the improvisation parts, consisting of the sections of fast swing, Latin  rhythms, free improvisation, and the rhythm of hip-hop, and 2) employing the idiomatic  impro",215,False,True,False,True
120,rhythm,"e opportunity for the memorable melody  of “Lai Teay Khong” to be heard again with the Countdown chord progression. Here, instead  of fast swing, the rhythmic patterns performed emphasize the backbeat, with a laid-back feel,  in a hip-hop style. Because of the diversity of rhythmic patterns and the remarkable chara",243,True,True,False,True
120,jazz_chord,CHAPTER 4:  Investigating the Musical Aspects of dontri isan nuea      104  accompanying instruments. Its harmony in the E section is based on the chord progressions  from “Countdown” by John Coltrane. My intent was to create a piece that contains one of the  most memorable Thai melodic sounds and intermingle it,243,True,True,False,True
120,improvisation,"ble Thai melodic sounds and intermingle it with one of the well-known complex  harmonies of jazz.      When the solo player reaches the climax of the improvisation, performed in alternation  between fast swing and Latin rhythm in the G and the F section, the arrangement transfers  back to the sense of isan nuea",243,True,True,False,True
122,improvisation,"listeners), or playful attitudes (for entertainment about the  romances, courtships, or personal life experiences of mawlum performers). The lyrical  improvisation technique known as don klon (ด้นกลอน) also can be deployed while performing; as  a consequence, skillful mawlum are capable of performing complicated",337,False,True,False,False
123,thai_mode,"vocal parts. For instance, when performing  mawlum klon, the use of modes to accompany the vocal is divided into three types—namely, the  use of lai thang san, the C, F, G major pentatonic scales for a short performance (lum thang san)  which contains faster tempos, and lai thang yai (A, D, E) for a lon",456,False,False,False,False
124,jazz_chord,"ales which are also  capable of combing with contemporary jazz harmony, particularly the latter composition,  which can be integrated with Coltrane’s chord progression, “Countdown.” As a result, my  arrangement of “Lai Teay Khong” is able to express both memorable isan nuea melodies as well  as distinct jazz chord p",385,False,True,False,False
124,improvisation,"one of the region’s  most distinctive musical elements. Isan nuea musicians also employ the concept of lai to create  music or produce a spontaneous improvisation. Aside from this meaning of lai, which refers  to the sound of traditional modes, this word can also relate to the name of traditional music,  as wel",385,False,True,False,False
128,ornamentation,"tempo,  similar to tremolo effects on a lower pitch of a wind instrument which may be heard in jazz.  This usually starts on D, before adding musical ornaments, such as trills or upper and lower  mordents, in the lower register, before gradually ascending to a high pitch (which usually is a  high D), before",476,False,True,False,False
132,rhythm,tai       116  contributes a strong downbeat to emphasize a more rhythmic dynamic in the movements of a  nora dancer. Common drum techniques in klong rhythmic patterns include drum rolls and  playing around the edge of the drum with sticks to produce a more wooden sound.     The purpose of the mong (a set of two go,489,False,False,False,False
132,improvisation,"when they are required to sing lyrics (which primarily consist  of Buddha’s teachings, paying homage to teachers, descriptions of their postures, or improvised  rhymes to entertain the audience).236 The mong sound consists of two separate sounds in  descending perfect fifths; for example, a mong in D produc",489,False,False,False,False
133,rhythm,"cond downbeat (as illustrated by the letter “T”) provides  strong rhythmic accents for the performance.     The third example displays the consistent rhythmic patterns of a set of two gongs sounded in  E♭ and A♭, with the ching patterns emphasizing every downbeat also functioning as a time  indicator. In the fourth",255,False,False,False,False
134,rhythm,"CHAPTER 5: Examining the Musical Features of dontri paktai       118     Figure 5.2: Four rhythmic patterns employed in nora performances. Transcription by  the author.    NORA REPERTOIRES AND PERFORMANCE METHODS    As mentioned earlier, nora performances",76,False,False,False,False
136,ornamentation,"is used in the overture section (homrong) (Figure 5.5)245 transcribed from Umnad Nuniad’s  performance. (Please note that these transcriptions omit ornamentation due to my primary  focus on the melodic lines of nora music.)246                                                           242 Kosonhemmanee, “The De",338,False,False,False,True
143,improvisation,"that express the  fisherman’s lifestyle, sea lullabies, and ordinary stories of village-style courtships; these lyrics  are occasionally generated by improvisational processes of vocalists (klon sot). In addition, the  musical instruments employed in the rong ngeng performances of southwest Thailand seem to  be",476,False,True,False,False
145,rhythm,CHAPTER 5: Examining the Musical Features of dontri paktai       129  fundamental rhythmic patterns and a smaller drum (luk kut) for generating variations such as  improvisational fills or off-beat accents. Both regions also feature one unpitched g,220,True,True,False,False
145,improvisation,"mining the Musical Features of dontri paktai       129  fundamental rhythmic patterns and a smaller drum (luk kut) for generating variations such as  improvisational fills or off-beat accents. Both regions also feature one unpitched gong (or khong  in the central-Thai dialect) in rong ngeng performances, utilize",220,True,True,False,False
146,rhythm,gong and maracas performed by the one  percussionist and serving to signify the downbeat accents. The sound of the rebana also  constructs perpetual rhythmic patterns that signify and guide the distinguished stylistic  rhythmic patterns used in rong ngeng performance. To provide complicated rhythmic ideas—in  part,244,False,False,False,False
147,rhythm,"ficant rhythmic  information can provide jazz composers with a better understanding of rebana performances  and also develop the practical concept of rhythmic patterns performed in both types of rong  ngeng performance. However, due to regional accents and the diverse dialects that may differ  between Muslims in Th",398,False,True,False,True
148,rhythm,"CHAPTER 5: Examining the Musical Features of dontri paktai       132      Figure 5.8b: Fundamental rhythmic patterns of rong ngeng tanyong, continued.     In Laga dua, the rong ngeng rhythm is characterized by two measures of a repeating rhythmic  pattern. This rhy",321,False,True,False,False
149,rhythm,frequently apply to accompany rong ngeng dancers.266 The example of  these three rebana patterns are displayed in Figure 5.9.267          Figure 5.9: Rhythmic pattern in southeastern rong ngeng performances.  Transcription by the author.    The fundamental rhythm of the Asli pattern as played by Apicha’s ensemble h,221,False,True,False,False
150,rhythm,"less syncopated in its rhythm than  the Asli pattern. The fast inang includes syncopated rhythms on the upbeats of the second and  fourth beats. The rhythmic pattern of the fast inang is also similar to the rhythmic pattern that  accompanies “Sinadong” in southwestern rong ngeng performances, but with different be",404,False,False,False,False
151,rhythm,"tures by cultural institutions and local artists. This preserved both  the original dance postures associated with accompanying compositions, and the rhythmic  patterns traceable back to the original practices of the sultanate period.    Traditionally, there are at least eight compositions that are famously employed",294,False,False,False,False
153,rhythm,"ng C, D, and G♭ harmonic minor (in red  rectangles in Figure 5.12). The prominent musical elements of southwestern rong ngeng— namely, the individual rhythmic patterns mak inang and sinadong—were also adjusted for use as  rhythmic accompaniment devices in the rhythm section in the solo parts, as illustrated in the",392,False,True,False,True
153,improvisation,"umental  arrangements also shift in such performances—for example, instruments take turns playing the  melody part of the composition. Interestingly, improvisational methods are rarely identified in  rong ngeng performances from this region.    5.5 A PROTOTYPE COMPOSITION    To begin thinking through musical hyb",392,False,True,False,True
155,rhythm,"ong ngeng (tanyoug) in the southwest and rong ngeng in the southeast,  are distinguished by the instrument, repertoires, and performance methods. The rhythmic  pattern of rong ngeng’s music, which construed by rebana is one of the most intriguing features  that can be utilized in jazz composition. These rhythmic pat",443,True,True,False,False
156,improvisation,"al music  compositional methods, or the employment of isan nuea melodies and its musical modes known  as lai yai and lai sutsanaen combined with jazz improvisations and harmonies, as illustrated in  Chapters 3 and 4, this compositional technique also allowed me to have more approaches to  explore in my jazz hybr",117,False,True,False,True
161,ornamentation,"ry Miller writing that, “Northern Thai  music is distinguished by the use of certain instruments unique to the region, the extensive and  distinctive ornamentation of melody, and the heterophonic texture of ensemble music.”284    SUENG    The sueng is another plucked lute instrument that is frequently employed i",452,True,True,False,False
163,improvisation,"al performances by female and male singers  that reveal romantic relationships).288 When generating the poetic lyrics—through either pre- composed or improvised material—of khap saw performances, chang saw (vocalists) must strictly  follow by a pattern of stanzas consisting of four lines with a length of six",440,True,False,False,False
165,rhythm,"strument by holding the top of the instrument in their mouths constantly and relying on  circular breathing, they are capable of performing perpetual rhythmic patterns without taking  a breath or needing to stop for breathing. In addition, the use of the melodic embellishments  widely demonstrated in this transcrip",446,False,False,False,True
165,melody,"B, G-A, D-E). These patterns help to create  the intervallic characteristics of this composition’s melodic movements. It is also noticeable  that the melodic contour of “Thamnong ngiew” tends to be in skip-wise motion when  compared to the lyrical type of Thai classical music that tends to be in stepwise motion.",446,False,False,False,True
170,improvisation,"tilize these patterns to compose and imitate the sound of salo pin compositions in a similar  manner to jazz musicians’ application of jazz licks for improvisation, as I will discuss later. This  piece also includes another striking technique—the blending of pitches and trills––which is  capable of being execute",378,False,True,False,True
178,improvisation,"orchestra, I also intended for it to pay homage to all Thai musical masters.                                                           299 Coltrane’s improvisation on “Psalm” reveals that his sax solo is a wordless “recitation” of the poem he included  in the liner notes to A Love Supreme, with one note for each",443,True,True,False,True
179,thai_mode,"s of this composition are divided into two sections, one carrying original melodic  lines and the other containing melodic adaptations taken from the thang khong wong yai and ranad  ek of two classical music compositions employed in the wai khru ritual, namely, “Sathukan” and  “Sathukan Klong.” (See Roon",287,False,True,False,False
179,improvisation,"he  composition, extended chords, such as 9sus, minor 11th, and major13th can be also observed.    Unlike “Psalm”—in which Coltrane’s tenor saxophone improvisation assumes a primary  role—the solo section of “Buang-Suang” features solos by trumpet, soprano saxophone, and  bass clarinet. Several drum solos also a",287,False,True,False,False
180,thai_mode,d melodic section   (Melody out)  Bass clarinet solo over  processional drumbeat.  Electric piano provides the  accompaniment lines  adopted from the thang khong  wong yai of “Sathukan  Klong.”  Tenor saxophone and bass  clarinet solo over intensive  background layers. Electric  piano and alto saxophone,149,False,True,False,False
180,improvisation,TER 7: Jazz Orchestra Portraits of Thailand      164  D – F section    5.21-6.36  (D section)  6.37-7.49  (E section)  7.50-9.24  (F section)  Second improvisational  section   Third improvisational  section   Third melodic section   (Melody out)  Bass clarinet solo over  processional drumbeat.  Electric piano p,149,False,True,False,False
181,thai_mode,"rovisations that interact with the melodies in a similar  way to the “Psalm” recording. To express the sound of Thai ceremonial music, I adopted the  thang khong wong yai of the “Sathukan”300 (See Roongruang, Collected Works of the Thai Classical  Repertoire Vol. 6, p. 126 in mm. 1-10), which is consider",269,True,True,False,False
181,improvisation,"these melodies from various motifs in quarter-note triplets performed by two alto  saxophones, soprano saxophone, and flugelhorn. I then created the improvisational section for  the trumpet and drums (using mallets in a manner reminiscent of Elvin Jones’s drumming), in  order to contribute further emotional imp",269,True,True,False,False
182,rhythm,"on, I composed a melody for a female  vocalist to perform using scat singing techniques to deliver the impression of serenity. I then  integrated the rhythmic patterns of Buddhist plainchant, which is similar to Coltrane’s  improvisation that is understood to be his prayer to God. As illustrated in Figure 7.2, I ha",115,False,True,False,False
182,thai_mode,"Figure 7.1: The A section of “Buang-Suang.” Red boxes indicate the melody I  composed, the harmony, the drum part using mallets, and the reference to thang khong  wong yai of the “Sathukan.”    For the second thematic melody, located in the C section, I composed a melody for a female  vocalist to perform",115,False,True,False,False
182,improvisation,"ng techniques to deliver the impression of serenity. I then  integrated the rhythmic patterns of Buddhist plainchant, which is similar to Coltrane’s  improvisation that is understood to be his prayer to God. As illustrated in Figure 7.2, I have  composed the specific melodic lines for the trombone (m.73-m.78) an",115,False,True,False,False
183,rhythm,"hestra Portraits of Thailand      167  then laid over the fundamental melodies sung by a vocalist. This particular melody also  synchronizes with the rhythmic patterns of the Buddhist chant known as “Salutation of the  Triple Gem” which is performed before the start of the wai khru ceremony. Additionally, in  line",190,False,True,False,False
183,thai_mode,"y based on “Salutation of the Triple Gem”  in the trombone part and in part of the bass clarinet part.    In addition to my melodic adaptation of the thang khong wong yai from “Sathukan,” I also  employed the fundamental melodic lines (thang khong wong yai) from “Sathukan Klong”—",190,False,True,False,False
184,thai_mode,"CHAPTER 7: Jazz Orchestra Portraits of Thailand      168  another sacred composition from the wai khru ceremony. My version of this thang khong wong is  also based on the version in Panya’s manuscripts, and is present in the electric piano part from  the D to E sections. (For the origin",252,False,True,False,False
184,improvisation,"36-42.) Furthermore, these particular lines are  performed along with background parts in the brass section, and also interact with the soloist,  who improvises around these two particular sections. Figure 7.3 and Figure 7.4 illustrate the  melodic adaptation of the thang khong wong yai in the electric piano",252,False,True,False,False
185,rhythm,CHAPTER 7: Jazz Orchestra Portraits of Thailand      169  I also applied the rhythmic patterns of nathap song mai song chan from Chapter 3 to emphasize  the Thai classical rhythmic characteristics in “Buang-Suang.” This is played by the bass p,207,False,True,False,False
185,thai_mode,"Another important Thai classical musical element employed in “Buang-Suang” is the imitation  of the ti kep instrumental technique of the ranad ek (thang ranad ek). This particular technique,  which is a sequence of eighths notes produced by ranad ek to interpret luk thong, is usually  employed in plae",207,False,True,False,False
185,improvisation,"rmed in triplets or sixteenth note  patterns, in order to increase the emotional intensity. When performed, these melodic patterns  interact with the improvisations of the lead alto and background vocals created from various  extended chords, which also feature in this dense climax section.",207,False,True,False,False
187,jazz_chord,"traditional jazz orchestra, which features functional harmony. The key centers are A major and  E♭ major, which have been used to construct standard chord progressions (e.g., ii7 V7 Imaj7 or I  IV7 ii7 V7). The two main solos in the improvisation section are on piano and soprano  saxophone. Trumpet with plunger mut",426,False,True,False,False
187,improvisation,"A major and  E♭ major, which have been used to construct standard chord progressions (e.g., ii7 V7 Imaj7 or I  IV7 ii7 V7). The two main solos in the improvisation section are on piano and soprano  saxophone. Trumpet with plunger mute, trombone, and clarinet ad-lib solos, all referencing  Ellington’s jazz orches",426,False,True,False,False
188,rhythm,"CHAPTER 7: Jazz Orchestra Portraits of Thailand      172  5/4 meter to generate odd rhythmic patterns. Instead of adopting a form typical in traditional  jazz orchestra music, the musical form of “Phuen Ban” has been expanded, consisting of ten  sepa",213,False,True,False,False
188,thai_mode,"-7.42  (F section)  First improvisational section   First background section   Second improvisational  section  Piano plays a written solo  imitating thang dio, a ranad ek  technique.  Vibraphone plays the  melodic adaptation of  “Khmer Liep Nakhon,”  which uses a call-and- response interaction in the  b",213,False,True,False,False
188,improvisation,"-21  45 measures  mm.22-66  37 measures  mm.67-104    D – F section     3.16-4.36  (D section)  4.37-6.15  (E section)  6.16-7.42  (F section)  First improvisational section   First background section   Second improvisational  section  Piano plays a written solo  imitating thang dio, a ranad ek  technique.  Vibr",213,False,True,False,False
189,rhythm,"ch is a slight variation of melody A. In contrast to melodies A and  A2, however, the melodic patterns of B and C are more complex, involving a dense rhythmic  pattern and providing less pentatonic sounds in order to avoid uninteresting ideas generated  from the repetition of melodies A and A2; B and C are also perf",273,False,True,False,False
191,thai_mode,"CHAPTER 7: Jazz Orchestra Portraits of Thailand      175  ranad ek, a solo piece called thang dio ranad ek.303 As described in Chapter 3, to perform thang dio  ranad ek, Thai musicians deploy specific techniques, including rua (a single melodi",181,True,True,False,False
191,improvisation,"c techniques, including rua (a single melodic pitch  tremolo), kro (two-pitch tremolo), sabat (grace notes), and khayi (sixteenth notes of idiomatic  improvisation). I applied these techniques in the piano solo mimicking thang dio ranad ek (Figure  7.8).    Figure 7.8: Piano solo from “Phuen Ban” mimicking thang",181,True,True,False,False
195,thai_mode,"itate a polyphonic stratification  texture—one of the characteristics of Thai classical music identified by David Morton. In  addition, I also employ thang ranad thum and thang ranad ek from “Choed Jin (เชิดจีน),”306 a Thai  classical composition by Pra Pradit Pairoh (Mee Duriyangkul) that was inspired b",383,True,True,False,False
195,jazz_chord,"instruments performed in ranad ek (e.g., ti kep) to simulate a Thai musical character.     From a harmonic standpoint, I composed this piece applying chord progressions primarily  derived from the G♭ major scale, though non-diatonic chord progressions also appear several  times throughout the piece. (These include n",383,True,True,False,False
196,thai_mode,CHAPTER 7: Jazz Orchestra Portraits of Thailand      180  of “Choed Jin.” (from thang  ranad thum)  by the flute and flugelhorn.  The second layer has been  adapted from the first section  of “Choed Jin.” (from thang  ranad thum)    tw,194,False,True,False,False
196,improvisation,3  41 measures  mm.64-104  29 measures  mm.105-133    G – I section     4.46-5.45  (G section)  5.46-6.22  (H section)  6.23-7.09  (I section)  First improvisational section     Background section   Second part of first  improvisational section,194,False,True,False,False
197,thai_mode,and      181  Trumpet plays the first solo.  Background voices are  provided by alto saxophones  and trumpets with a cup- mute.   Vibraphone imitates thang  ranad ek of “Choed Jin.”  (second section)  Syncopated bass lines and  complicated guitar patterns  are employed to accompany  the trumpet’s solo.,212,True,True,False,False
199,rhythm,"veral sections of “Samniang Jin,”  such as the introduction (Figure 7.15) and the climax (Figure 7.16). To imitate ti kep, I  constructed eighth-note rhythmic patterns with mostly stepwise melodic contours, in a similar  manner to the ti kep implemented in ranad ek performances. This melodic pattern is primarily  p",181,False,True,False,False
199,melody,"as the introduction (Figure 7.15) and the climax (Figure 7.16). To imitate ti kep, I  constructed eighth-note rhythmic patterns with mostly stepwise melodic contours, in a similar  manner to the ti kep implemented in ranad ek performances. This melodic pattern is primarily  played by the vibraphone and synthesize",181,False,True,False,False
199,improvisation,"uch as the  trumpet and trombone also perform this instrumental imitation to emphasize the character of  the ranad ek, interacting with the intensive improvisation of the lead alto saxophone.      Figure 7.15: The imitation of ti kep techniques employed in “Samniang Jin.” Excerpt  from the synthesizer part (mm.6",181,False,True,False,False
200,thai_mode,"attempt to identify the specific melodic lines  that illustrated the typical sound of Thai-Chinese melodies. I discovered several melodic lines  from thang ranad ek and thang ranad thum, which I then adjusted to be performed by the                                                           308 Roongruang,",132,False,True,False,False
202,harmony,"o create the harmonies, I first chose  the pitches that the row generated, then added suitable harmonies to reflect a modern jazz  sound quality. The harmonic progression of the improvisation sections also follows the chord  progression of C-minor blues to highlight jazz idioms. Similar to the rhythmic concept of  “Sam",291,True,True,False,True
202,jazz_chord,"rated, then added suitable harmonies to reflect a modern jazz  sound quality. The harmonic progression of the improvisation sections also follows the chord  progression of C-minor blues to highlight jazz idioms. Similar to the rhythmic concept of  “Samniang Jin,” the rhythm of “Patchim” includes a feel with primarily",291,True,True,False,True
202,improvisation,"rst chose  the pitches that the row generated, then added suitable harmonies to reflect a modern jazz  sound quality. The harmonic progression of the improvisation sections also follows the chord  progression of C-minor blues to highlight jazz idioms. Similar to the rhythmic concept of  “Samniang Jin,” the rhyth",291,True,True,False,True
203,improvisation,"-49  36 measures  mm.50-85  34 measures  mm.86-119    G – I section    4.00-4.19  (G section)   4.20-5.44  (H Section)  5.45-6.48  (I section)  First improvisation section  Second improvisation section Third improvisation section   Trombone solos in a  combination of irregular  meters, such as 5/4, 3/4, and  2/4",184,False,True,False,False
204,improvisation,"104 measures  mm.127-230  76 measures  mm.231-306    J – L seciton    6.49-7.08  (J section)   7.07-8.10  (K Section)  8.11-8.29.  (L section)  Free improvisation section  Melody out   Outro  Tenor saxophone provides a  free improvisation with the  drums. The tempo is  dramatically decreased,  allowing for the",258,True,True,False,False
205,improvisation,"alternated the melody with my  own original melody. In addition, this particular melodic line was interchangeably performed  in the soprano saxophone improvisation (Figure 7.19). (See Mahawinitmontri and Issarangkun,  Thai Music Manuscript Vol. 3, p.130 for the original melody of “Tao Kin Pak Buk.”)",176,True,True,False,False
214,jazz_chord,CHAPTER 7: Jazz Orchestra Portraits of Thailand      198  11.12-11.35    Climax     All sections build up to the  climax’s chord progressions  by using triplet rhythmic  figures to highlight the  Afro-Cuban rhythms.   Final reiteration of “Lai  Teay Khong” by bass  trombone.  11 measures,98,False,True,False,False
215,rhythm,"te patterns in a similar manner to Sombat’s  performance (the C section of the transcription of the performance in Chapter 4), to construct  standard rhythmic patterns for this section. Other contemporary performance techniques such  as slap tongue, fluttertongue, and multiphonics are also used to reference the sou",205,False,True,False,False
219,improvisation,"and provide contrast to the melodic  lines of “Mekong,” aiming to produce an intense response in the audiences from the first  climax section to the improvisational segment (Figure 7.29).",59,False,True,False,False
221,improvisation,"also applied to the final solo section in the key of F major  to generate the characteristic melodic sound of isan nuea music, intermingled with the  improvisation of the lead alto saxophone and electric piano. This melody is played by the  soprano saxophone, tenor saxophone, the lead and third trumpet, and guit",94,False,True,False,False
223,rhythm,"lodic lines in this case include melodic expansion, contrapuntal motion,  delayed attacks, and changing meters (4/4 to 3/4). In addition, to make the rhythmic patterns  more attractive and interesting, I used syncopated patterns in accompanying instruments and  low-voice instruments including electric piano, bass,",171,True,True,False,False
225,rhythm,"to create the energetic movement that generates rhythmic diversity, in addition to  employing even eighth notes and swing rhythms. Furthermore, this rhythmic pattern provides  the syncopated patterns which form a distinct opposition to the character of Thai melodic  rhythms.    For the voicing techniques to harmon",266,True,True,False,True
228,rhythm,"vocal part of  “Mekong” (mm.285-320).    For the final section “Mekong,” I employed the rhythmic intensity of triplet rhythms related  to Afro-Cuban rhythmic patterns to create rhythmic unification for the ensemble. I later  approach the climax segment with a rapid passage of the set of sixteen notes in the lead a",147,False,True,False,False
228,improvisation,"- 334) to connect and conclude  the entire story of this composition. Such compositional techniques also operated in  conjunction with the intensive improvisation of the soprano saxophone, and the second alto  (Figure 7.36).",147,False,True,False,False
231,rhythm,"ition create a feeling of surprise and  unpredictability.     To express the rhythmic ideas of southern Thai music, I adapted traditional Afro-Cuban  rhythmic patterns, which, in my view, function effectively alongside southern Thai melodic  rhythms. I use swing, hip-hop drum beats, and patterns of contemporary jaz",369,True,True,False,True
231,improvisation,hwest)—the sinadong patterns and the rebana patterns of the  Lagu dua composition—in several places in the bass and percussion parts.     The primary improvisation sections of “Singora” are the short ad-lib solo and the main solo  section. The soloists in the first “monologue” of this composition include the gui,369,True,True,False,True
232,improvisation,"orchestras, the musical form of “Singora” is a  narrative story whose melody parts are not repeated, with each part blending into the  monologue and improvisation sections. The musical form of this composition consists of eight  sections (from A to H) totaling nine minutes and seven seconds, which are illustrat",165,False,True,False,True
233,rhythm,"r 6,  and 3 over 6 (three groups  of two) for  accompaniment.   6 of woodwind, and 3 over  6   of brass sections.   Percussion imitates lagu  dua,”’s rhythmic patterns.  (rong ngeng tanyong)   18 measures  mm.25-42  14 measures  mm.43-56  4 measures  mm.57-60    C section (first melody)    1.46-2.02    2.04-2.18  2",160,False,True,False,False
234,improvisation,"of “Tari Kipas”  (different than the C section),  demonstrating the  contraction compositional  approach.   Soprano saxophone starts  soloing in pre- improvisational section.  26 measures  mm.131-156  8 measures  mm.157-167",148,False,True,False,False
235,improvisation,section (head-out)    6.02-6.31  6.32-7.01    7.02-8.24  Second monologue     Transition to final  thematic melody   Final thematic melody and  final improvisational section     Drum sets off the tempo  (slow R&B). Vocalist delivers  second monologue of  Suthon and Manora’s story.  Guitar provides ad-lib solo.,192,False,True,False,False
236,jazz_chord,land      220  Trumpet also plays the short  theme of the original  composition.   Tonality shifts to F major  and modal interchanges are  applied to chord  progressions.  delivers monologue until  m. 244. Guitar keeps ab- lib soloing.  improvisation is provided by  soprano saxophone and guitar.  Brass section provid,112,False,True,False,False
236,improvisation,"lity shifts to F major  and modal interchanges are  applied to chord  progressions.  delivers monologue until  m. 244. Guitar keeps ab- lib soloing.  improvisation is provided by  soprano saxophone and guitar.  Brass section provides a  background constructed from  extended harmonies such as  Fmaj9, A♭maj9, and",112,False,True,False,False
237,rhythm,"NAL DISCUSSIONS     The initial idea behind composing “Singora” was to apply the rhythmic ideas of rong ngeng  performances. To do so, I selected the rhythmic patterns of sinadong played by the rebana in rong  ngeng tanyong performances, then reducing the tempo to half-time and applying them to the  principal bass",210,False,True,False,False
237,jazz_chord,"ns  is demonstrated in Figure 7.38.          Figure 7.38: A comparison between the sinadong pattern and the bass part of  “Singora” in mm.5-8.    The chord progressions accompanying the first monologue in the B section can be separated  in two: in the first section, which consists of sixteen measures, I applied a ch",210,False,True,False,False
238,jazz_chord,CHAPTER 7: Jazz Orchestra Portraits of Thailand      222            Figure 7.39: The chord progressions and polyrhythms accompanying the first  monologue in “Singora” (mm.25-40).         I also applied the rhythm of the rebana from the lagu dua composi,74,False,True,False,False
239,rhythm,"CHAPTER 7: Jazz Orchestra Portraits of Thailand      223  I also included the lagu dua rhythmic pattern in the baritone saxophone part (mm.39-.40), which  contributes additional contrasting rhythmic ideas to the polyrhythms of the soprano saxophone  and",252,True,True,False,False
239,harmony,"Figure 7.40: The application of the lagu dua rhythmic pattern in the conga part, and  in the baritone saxophone part, of “Singora.”    The harmonic progressions applied in the second part of the B section are based on the key of  F Lydian, which consists of G7sus4 (II7), and E♭-11(bvii-7) borrowed from F Phr",252,True,True,False,False
246,improvisation,"ate the key for the second repetition, with this melody moving to G major  (m.161). In addition, the second tenor (soprano saxophone) plays an ad-lib improvisation to  produce contrapuntal lines over the melody part and provide a structural transformation before  entering the improvisational section (Figure 7.50",123,False,True,False,False
247,rhythm,"grated into the improvisation. Additionally, the  polyrhythm created by the lead trumpet part creates a contradiction to the semi-tutti passages  and rhythmic patterns of the soloists.     The harmonic progressions in the climax sections are characterized by the non-harmonic  functions of the extended chords G7sus4",268,False,True,False,False
247,harmony,", the  polyrhythm created by the lead trumpet part creates a contradiction to the semi-tutti passages  and rhythmic patterns of the soloists.     The harmonic progressions in the climax sections are characterized by the non-harmonic  functions of the extended chords G7sus4, A-11, B♭-11and D♭9sus, and in particular, the",268,False,True,False,False
247,improvisation,"ythmic ostinato produced by the guitar, second alto, and to some extent bass parts to echo  the rhythmic complexity that has been integrated into the improvisation. Additionally, the  polyrhythm created by the lead trumpet part creates a contradiction to the semi-tutti passages  and rhythmic patterns of the solo",268,False,True,False,False
248,improvisation,CHAPTER 7: Jazz Orchestra Portraits of Thailand      232  contrapuntal motions toward the improvisation and providing a resolution to the climax  section before moving to the next section (Figure 7.52).    Figure 7.52a: Compositional techniques used in,42,False,True,False,False
249,rhythm,"CHAPTER 7: Jazz Orchestra Portraits of Thailand      233    Figure 7.52b: The second climax section of “Singora,” continued.    The rhythmic patterns and harmonic progressions used in the G section (the second  monologue) draw on the practice of contemporary jazz fusion that integrates musical ele",73,False,True,False,True
249,harmony,"TER 7: Jazz Orchestra Portraits of Thailand      233    Figure 7.52b: The second climax section of “Singora,” continued.    The rhythmic patterns and harmonic progressions used in the G section (the second  monologue) draw on the practice of contemporary jazz fusion that integrates musical elements  from neo-soul, R&B,",73,False,True,False,True
250,jazz_chord,"t use of extended harmonies  containing ma9 and m9 chords, which can be frequently heard in neo-soul and contemporary  gospel music. In addition, the chord progressions used to accompany this second monologue  were influenced by the chord progressions of contemporary jazz fusion. These chords— namely A♭ma9 (♭IIIma7)",345,False,True,False,True
251,improvisation,"nal response. Before reaching the  conclusion of the second monologue, the guitar player and the first alto (on soprano  saxophone) perform an ad-lib improvisation, integrate their musical expression with the story   from ancient Thai literature (Figure 7.55).",135,False,True,False,False
252,rhythm,"G section of “Singora”  (mm.241-246).    Inspired by polyrhythmic practices, the structure of the final part of “Singora” is based on four  separate rhythmic patterns. These four distinct rhythms occur in different sections of the  ensemble. The first occurs in the woodwind section, which performs a fast-moving pa",62,False,True,False,False
256,rhythm,"rast to the  3/4 or 4/4 time signatures typical in ballads. Odd-numbered note groupings and rhythmic  displacements generate contrasting ideas to the rhythmic patterns of slow swing ride-cymbal  patterns, and appear in the various places of the guitar, organ, bass clarinet, and bass parts.      Unlike in the other",162,False,True,False,False
256,improvisation,"de-cymbal  patterns, and appear in the various places of the guitar, organ, bass clarinet, and bass parts.      Unlike in the other compositions, the improvisation of “The Northern Rhapsody” is primarily  performed by the drummer, which is rare in jazz ballad compositions. The flugelhorn and  soprano saxophone a",162,False,True,False,False
260,improvisation,measures    H section (third solo section)    5.35-5.59    Third short solo section in  11/8 (blues)  Soprano saxophone player  and pianist provided  improvisational  performance.   Bass and baritone  saxophone construct  ostinato.   mm.98-102  5 measures    I section (outro)    6.00- 6.54,72,False,True,False,False
261,improvisation,CHAPTER 7: Jazz Orchestra Portraits of Thailand      245  Outro (Cadenza)    Soprano saxophone keeps  improvising over the five  four chords. The  composition ends in   Amaj13♯11.    mm.103 -108  6 measures    COMPOSITIONAL DISCUSSIONS     The first melody sectio,239,False,True,False,False
265,ornamentation,"to all the melody parts of the C section. Furthermore, I composed  background parts in the brass section by using close voicings, as well as musical ornamentation  such as trills in the woodwind section to mimic the idiomatic performances of pi jum  instruments and contribute more dynamic and musical intensity",126,False,True,False,False
266,harmony,z Orchestra Portraits of Thailand      250    Figure 7.65: The recapitulation section of the C section of “The Northern Rhapsody”  (mm.38-43).    The harmonic progressions in the C section are non-functional (Figure 7.66). My intention  here is to produce intriguing harmonies and an emotional atmosphere for audiences a,152,False,True,False,False
267,improvisation,"ers from 3/4 to 5/4, to 4/4, and  back to 3/4 to avoid the repetition of rhythmic ideas which often can occur in jazz ballads. I  designed the ad-lib improvisation of the second tenor to provide spontaneous interaction with                                                           323 “Fon Ngiew,”’s melody was t",182,True,True,False,False
268,rhythm,"hythmic  contradiction against the main melodic patterns and bass lines. As shown in figure 7.69, both  the organ and guitar players produced complex rhythm patterns in triplet and sixteenth-note  settings.",124,False,True,False,False
271,improvisation,"lody are those that are used to generate the harmonies, and  function as tension-producing pitches in those harmonies.     The F section is the first improvisation section, which develops towards the piece’s climax. In  this section, I employ several compositional techniques to stimulate audiences’ emotions. I",133,False,True,False,False
272,improvisation,"CHAPTER 7: Jazz Orchestra Portraits of Thailand      256  improvisation of drums also appears in the F section, generating a dynamic performance that  interacts with the melodic recapitulation and the tutti passage (Figur",89,False,True,False,False
273,improvisation,"e (mm. 84-89), as I attempt to encapsulate the story of  this composition before reaching its climax a few measures later.    Figure 7.74: The second improvisation section of “The Northern Rhapsody” (mm.84- 89).",102,False,True,False,False
274,jazz_chord,"is the H section. My primary  intention here is to create a release and unwind the audiences’ emotions after prolonged  listening to complex harmonic chord progressions, and to changing, irregular meters. To  provide such an even-tempered atmosphere decreased the musical intensity, I constructed a  simple chord prog",136,False,True,False,False
274,improvisation,CHAPTER 7: Jazz Orchestra Portraits of Thailand      258  The final section of improvisation in “The Northern Rhapsody” is the H section. My primary  intention here is to create a release and unwind the audiences’ emotions after prolonged  li,136,False,True,False,False
275,rhythm,"in a second layer, which simulate Thai musical textures;   4) adapting Thai idiomatic instruments to jazz orchestra instruments;   5) modifying Thai rhythmic patterns to be used in the rhythm section such as in the  bass and percussion parts;   6) applying Thai compositional techniques to jazz orchestra compositio",353,True,True,False,True
276,improvisation,"parts of the original compositions, with one example being the presence of Thai musical  influences in the background as interplay with soloists in improvisation sections, where my  objective is to keep the Thai musical elements intact even when a soloist is improvising.  However, as mentioned previously in th",451,True,True,False,True
278,improvisation,"ll of which came to  permeate both my written thesis and my compositions. In total, I created nine prototype  compositions, one double bass crossover improvisation, and seven jazz orchestra pieces  totaling 67 minutes. My thesis encompasses comprehensive analysis, and four chapters of  comprehensive discussions",220,True,True,False,False
279,thai_mode,"t pitches;   3) the correlation between Thai classical compositional techniques and the  compositional method of jazz (e.g., luk yon [pedal point] or thang plien [melodic  variation]);   4) the concept of thang khreuang dontri, which refers to a style of instrumental music used  in Thai classical perform",340,True,True,False,False
279,improvisation,lated to  my first research question). Some examples include:     1) the comparison of Thai classical music to jazz musical forms;   2) the idiomatic improvisation of Thai classical musician based on luk tok similar to jazz  performers who learn to improvise by using target pitches;   3) the correlation between,340,True,True,False,False
280,rhythm,"rived from  the transcription of khuen hua pi techniques in Chapter 5;  4) the transcriptions of Thai classical music rhythms (nathap) and rong ngeng rhythmic  patterns, which were used in the bass parts in the original works; and   5) numerous Thai melodies that were obtained through the transcription processes and",407,True,True,False,False
280,improvisation,"pes of Thai music, allowing me to establish the concept of “the Thai sound” in  my consciousness, which was similar to my initial step in learning to improvise on jazz. The  successful output produced by the transcription process is explicitly illustrated in my analysis  in chapters on Thai traditions, my pr",407,True,True,False,False
282,rhythm,"when transcribing regional music  from the Northeast (khaen and phin performances) and the North (khap saw performances), I  observed that these two rhythmic patterns are characterized by rhythmic accents on the upbeat,  a feature shared with the swing feel. Having a rhythmic similarity can be beneficial when  att",422,True,True,False,True
286,improvisation,"reating Ronggeng in Malaysia.”  Journal of Musicological Research 24 no.3-4 (2005), 287–307.    Berliner, Paul. Thinking in Jazz: The Infinite Art of Improvisation. Chicago: University of Chicago  Press, 1994.    Bohlman, Philip, Plastino Gofferdo. Jazz Worlds/World Jazz. Chicago: University of Chicago  Press, 2",293,False,True,False,True
287,thai_mode,"e Sanctified to Swing: A Biography of Don  Ellis.” PhD Diss., University of Pittsburgh. 2004.    Garzoli, John and Binson, Bussakorn. “Improvisation, Thang, and Thai Musical Structure.”  Musicology Australia 40 no.12 (2018), 45-62.   ———. “Intonational, Idiomatic, and Historical Factors That Shape Contem",301,True,True,False,True
287,improvisation,"esn’t have to be Sanctified to Swing: A Biography of Don  Ellis.” PhD Diss., University of Pittsburgh. 2004.    Garzoli, John and Binson, Bussakorn. “Improvisation, Thang, and Thai Musical Structure.”  Musicology Australia 40 no.12 (2018), 45-62.   ———. “Intonational, Idiomatic, and Historical Factors That Shape",301,True,True,False,True
289,improvisation,"san Music as Image: A Positive Identity for the  People of Northeast Thailand,” PhD Diss., Kent State University. 2011.    Narkong, Anant. “Aspect of Improvisation in Thai Classical Drumming with special  reference to the Taphon.” Master’s thesis, University of London. 1992.",314,True,True,False,False
320,thai_mode,"se when performing such techniques?    SS: To begin, you must understand that Thai classical music is separated into two categories:  phleng bangkhap thang (a composition which does not enable a musician to improvise) and phleng  mai bangkhap thang (a composition that allows a player to improvise). “Lao",364,True,False,False,False
320,improvisation,"sical technique  in which a player asks that a fundamental melody be interpreted and played on their  instruments)? To what extent can Thai musicians improvise when performing such techniques?    SS: To begin, you must understand that Thai classical music is separated into two categories:  phleng bangkhap th",364,True,False,False,False
321,thai_mode,"or new creations. This could be accomplished using a  variety of strategies, such as augmentation and diminution techniques, melodic embellishments  (thang kro, luk leuam), building extra sections (luk yon), and so on. Lastly, composers may use the  thao compositional method, which is similar to the augm",381,True,False,False,False
322,ornamentation,"distinct accent different than someone from the  south. As a result, I believe this method has had a significant impact on how we perform music.  The ornamentation employed during performances in these two styles of music appears to be  different. The ranges used in these two pieces of music are also distinctive",439,True,False,False,False
324,rhythm,"C: Could you please give brief examples of musical elements of flamenco that you apply to  your jazz orchestra compositions (e.g., modes, melodic and rhythmic patterns, forms,  traditional instruments timbre, etc.)?   PS: Well, an example I don’t know. I think you have to know a little of the fundamentals of  flame",332,False,True,False,False
325,improvisation,"encountered? In particular, when combining  Spanish with jazz music.  PS: Well, I think jazz and flamenco have a lot of things in common and a lot of improvisation  too. Um…. I had a little problem. I decided to try not to do it in the very swing way because I  think swing doesn’t fit much in flamenco, so most o",413,False,True,False,True
367,improvisation,& Alto 1 1 Ó Œ œ# œ (the player may improvise over the melodic lines (cadenza) extended techniques are allowed if possible) {A} P Rubato 2 œ# œ œ œ# œ œ œ œ œ œ œ œ 3 œ# œ œ œ# œ œ ˙ 4 œ# œ œ œ œ,246,False,False,False,False
482,improvisation,Set Piano ∑ ∑ Flute ∑ Flute ∑ Clarinet ∑ Clarinet ∑ bass clarinet ∑ Flugel ∑ ∑ ∑ ∑ ∑ ∑ ∑ œ œ# œ œœœ## œœœ œ œ  volume swell rubato  (the player may  improvise over given melodies) ∑ ∑ ∑ 1 ∑ using two snares 1. fat sound   2. side snare w./ splash cymbal    q=64 (slow) {A} F Öto h^a^r^m^on Öto h^a^r^m^on Öto,291,False,False,False,False
508,improvisation,’ ’ ’ ’ 2 x x œ œ x x œ œ x Ó x Ó ∑ ∑ ∑ ∑ ∑ ∑ ∑ ∑ ∑ ∑ ∑ ∑ ∑ ∑ ∑ ∑ ∑ ∑ ’ ’ ’ ’ ’ ’ 3 x x œ œ x x œ œ x Ó x Ó ∑ ∑ ∑ ∑ ∑ ∑ ∑ ∑ ∑ ∑ ∑ ∑ ∑ ∑ ∑ (collective improvisation) ∑ ∑ ∑ ’ ’ ’ ’ ’ ’ 4 ’ ’ ’ ’ ’ ’ fill ∑ ∑ ∑ ∑ ∑ ’ ’ ’ ’ ’ ’ (solo) ’ ’ ’ ’ ’ ’ (solo w/ plunger+growl effect) ∑ ∑ ∑ ∑ ∑ ∑ ∑ ’ ’ ’ ’ ’ ’ (solo w/ dist,355,False,True,False,True
670,improvisation,’ ’ ’ ’ ’ ’ ∑ 305 ’ ’ ’ ’ w w w w w w w ’ ’ ’ ’ w w w w w w ’ ’ ’ ’ ’ ’ ’ ’ ’ ’ ’ ’ ’ ’ ’ ’ ∑ 306 ’ ’ ’ ’ ∑ ∑ ∑ ∑ ∑ ∑ to bass clarinet ∑ ’ ’ ’ ’ free improvisation (only tpt.+ drum)   ∑ ∑ ∑ ∑ ∑ ∑ ∑ ∑ ∑ ∑ ∑ 307 ’ ’ ’ ’ solo w./ trt. solo (slow tempo) {J} q =98 > > > > > >   EPILOGUE (PATCHIM)   57 654,283,False,True,False,False
